feature,importance
hour,0.6100858203536613
temp,0.1358446598113322
humidity,0.06426221878193324
workingday,0.04789891583152919
month,0.03860308144877655
dayofweek,0.0361459311788738
windspeed,0.030504927425288927
weather,0.0209230483142918
season,0.013736216892729237
holiday,0.001995179961583747
